3,4,5,At least one prime
5,12,13,At least one prime
6,8,10
7,24,25,At least one prime
8,15,17,At least one prime
9,12,15
9,40,41,At least one prime
10,24,26
11,60,61,At least one prime
12,16,20
12,35,37,At least one prime
13,84,85,At least one prime
14,48,50
15,20,25
15,36,39
15,112,113,At least one prime
16,30,34
16,63,65,Numbers have no highest common factor
17,144,145,At least one prime
18,24,30
18,80,82
19,180,181,At least one prime
20,21,29,At least one prime
20,48,52
20,99,101,At least one prime
21,28,35
21,72,75
21,220,221,Numbers have no highest common factor
22,120,122
23,264,265,At least one prime
24,32,40
24,45,51
24,70,74
24,143,145,Numbers have no highest common factor
25,60,65
25,312,313,At least one prime
26,168,170
27,36,45
27,120,123
27,364,365,Numbers have no highest common factor
28,45,53,At least one prime
28,96,100
28,195,197,At least one prime
29,420,421,At least one prime
30,40,50
30,72,78
30,224,226
31,480,481,At least one prime
32,60,68
32,126,130
32,255,257,At least one prime
33,44,55
33,56,65,Numbers have no highest common factor
33,180,183
33,544,545,Numbers have no highest common factor
34,288,290
35,84,91
35,120,125
35,612,613,At least one prime
36,48,60
36,77,85,Numbers have no highest common factor
36,105,111
36,160,164
36,323,325,Numbers have no highest common factor
37,684,685,At least one prime
38,360,362
39,52,65
39,80,89,At least one prime
39,252,255
39,760,761,At least one prime
40,42,58
40,75,85
40,96,104
40,198,202
40,399,401,At least one prime
41,840,841,At least one prime
42,56,70
42,144,150
42,440,442
43,924,925,At least one prime
44,117,125,Numbers have no highest common factor
44,240,244
44,483,485,Numbers have no highest common factor
45,60,75
45,108,117
45,200,205
45,336,339
46,528,530
48,55,73,At least one prime
48,64,80
48,90,102
48,140,148
48,189,195
48,286,290
48,575,577,At least one prime
49,168,175
50,120,130
50,624,626
51,68,85
51,140,149,At least one prime
51,432,435
52,165,173,At least one prime
52,336,340
52,675,677,At least one prime
54,72,90
54,240,246
54,728,730
55,132,143
55,300,305
56,90,106
56,105,119
56,192,200
56,390,394
56,783,785,Numbers have no highest common factor
57,76,95
57,176,185,Numbers have no highest common factor
57,540,543
58,840,842
60,63,87
60,80,100
60,91,109,At least one prime
60,144,156
60,175,185
60,221,229,At least one prime
60,297,303
60,448,452
60,899,901,Numbers have no highest common factor
62,960,962
63,84,105
63,216,225
63,280,287
63,660,663
64,120,136
64,252,260
64,510,514
65,72,97,At least one prime
65,156,169
65,420,425
66,88,110
66,112,130
66,360,366
68,285,293,At least one prime
68,576,580
69,92,115
69,260,269,At least one prime
69,792,795
70,168,182
70,240,250
72,96,120
72,135,153
72,154,170
72,210,222
72,320,328
72,429,435
72,646,650
75,100,125
75,180,195
75,308,317,At least one prime
75,560,565
75,936,939
76,357,365,Numbers have no highest common factor
76,720,724
77,264,275
77,420,427
78,104,130
78,160,178
78,504,510
80,84,116
80,150,170
80,192,208
80,315,325
80,396,404
80,798,802
81,108,135
81,360,369
84,112,140
84,135,159
84,187,205,Numbers have no highest common factor
84,245,259
84,288,300
84,437,445,Numbers have no highest common factor
84,585,591
84,880,884
85,132,157,At least one prime
85,204,221
85,720,725
87,116,145
87,416,425,Numbers have no highest common factor
88,105,137,At least one prime
88,165,187
88,234,250
88,480,488
88,966,970
90,120,150
90,216,234
90,400,410
90,672,678
91,312,325
91,588,595
92,525,533,Numbers have no highest common factor
93,124,155
93,476,485,Numbers have no highest common factor
95,168,193,At least one prime
95,228,247
95,900,905
96,110,146
96,128,160
96,180,204
96,247,265,Numbers have no highest common factor
96,280,296
96,378,390
96,572,580
96,765,771
98,336,350
99,132,165
99,168,195
99,440,451
99,540,549
100,105,145
100,240,260
100,495,505
100,621,629,Numbers have no highest common factor
