280249,ADANI EXPORTS LTD.,IN:512599,IR
148134,ALFA-LAVAL (INDIA),IN:505885,IR
148135,ALFA-LAVAL (INDIA),IN:505885,IR
148136,ALFA-LAVAL (INDIA),IN:505885,IR
280080,ALSTOM POWER INDIA,IN:532309,IR
148492,APOLLO HOSPITALS ENTER.,IN:508869,IR
362284,APOLLO TYRES,IN:500877,IR
362109,ASEA BROWN BOVERI,IN:500002,IR
772095,ASHOK LEYLAND,IN:500477,IR
148491,ASIAN HOTELS,IN:500023,IR
777030,ASIAN PAINTS,IN:500820,IR
777031,ASSOCIATED CEMENT,IN:500410,IR
691550,AUROBINDO PHARMA,IN:524804,IR
691703,AVENTIS CROP SCI.IDA.LTD,IN:530415,IR
879100,AVENTIS PHARMA,IN:500674,IR
777033,BAJAJ AUTO,IN:500490,IR
13263P,BALAJI TELEFILMS,IN532382,IR
316858,BALLARPUR INDUSTRIES,IN:500102,IR
141897,BALRAMPUR CHINI MILLS,IN:500038,IR
889486,BANK OF BARODA,IN:532134,IR
890875,BANK OF INDIA,IN:532149,IR
148170,BASF INDIA,IN:500042,IR
147766,BATA INDIA,IN:500043,IR
147000,BHARAT ELECTRONICS,IN:500049,IR
316864,BHARAT FORGE,IN:500493,IR
146995,BHARAT HEAVY ELS.,IN:500103,IR
147470,BHARAT PETROLEUM,IN:500547,IR
147403,BIRLA 3M,IN:523395,IR
675089,BLUE DART EXPRESS,IN:526612,IR
777035,BOMBAY DYEING & MNFG.,IN:500020,IR
147025,BPL,IN:500074,IR
777036,BRITANNIA INDS.,IN:500825,IR
362287,BSES,IN:500390,IR
540521,BURROUGHS WELCOME,IN:500076,IR
777053,CADBURY INDIA,IN:500793,IR
280445,CADILA HEALTHCARE,IN532321,IR
146936,CARRIER AIRCON,IN:500079,IR
772042,CASTROL INDIA,IN:500870,IR
777039,CENTURY TEXTILE & INDS.,IN:500040,IR
147695,CHAMBAL FERT.&CHEMS.,IN:500085,IR
148182,CIPLA,IN:500087,IR
675747,CMC,IN:517326,IR
777040,COLGATE-PALMOLIVE INDIA,IN:500830,IR
890015,CONTAINER CORP.OF INDIA,IN:531344,IR
879288,CORPORATION BANK,IN:532179,IR
140746,CREDIT RATING SERVICES,IN:500092,IR
316868,CROMPTON GREAVES,IN:500093,IR
316882,CUMMINS INDIA,IN:500480,IR
896188,D S Q SOFTWARE,IN:523864,IR
147713,DABUR INDIA,IN:500096,IR
140749,DEEPAK FERT.&PETROCHEM.,IN:500645,IR
362150,DIGITAL GLOBALSOFT,IN:500121,IR
362295,DR REDDYS LABS.,IN:500124,IR
148192,EID PARRY (INDIA),IN:500125,IR
315373,EIH,IN:500840,IR
147429,ELECTROLUX KELVINATOR,IN:523461,IR
14456Q,ENGINEERS,IN:532178,IR
777044,ESCORTS,IN:500495,IR
148168,ESSAR STEEL,IN:500627,IR
362298,ESSEL PROPACK LTD,IN:500135,IR
890738,EXIDE INDS.,IN:500086,IR
317756,FINOLEX CABLES,IN:500144,IR
140751,FINOLEX INDUSTRIES,IN:500940,IR
890916,GAS AUTHORITY OF INDIA,IN:532155,IR
362215,GERMAN REMEDIES,IN:500156,IR
148417,GILLETTE INDIA,IN:507815,IR
316870,GLAXOSMITHKLINE PHARMS.,IN:500660,IR
147463,GLOBAL TELE-SYSTEMS,IN:500160,IR
887673,GLOBAL TRUST BANK,IN:500161,IR
148246,GLXSK. CSM. HLTHCR. LTD.,IN:500676,IR
362302,GODREJ INDUSTRIES,IN:500164,IR
772039,GRASIM INDS.,IN:500300,IR
772038,GREAT EASTERN SHIPPING,IN:500620,IR
147934,GUJARAT AMBUJA CEMENTS,IN:500425,IR
147435,GUJARAT GAS,IN:523477,IR
147002,GUJARAT INDS.POWER,IN:517300,IR
148237,GUJARAT NARMADA VALLEY,IN:500670,IR
890748,GUJARAT STATE FERT.,IN:500690,IR
877941,H C L INFOSYSTEMS,IN:500179,IR
280083,HCL TECHNOLOGIES,IN:532281,IR
871321,HDFC BANK,IN:500180,IR
890749,HENKEL SPIC INDIA,IN:500397,IR
362305,HERO HONDA MOTORS,IN:500182,IR
362306,HIMACHAL FUTURISTIC,IN:500183,IR
879099,HIND LEVER CHM.,IN:506737,IR
772020,HINDALCO INDS.,IN:500440,IR
147574,HINDUSTAN INKS,IN:523886,IR
772019,HINDUSTAN LEVER,IN:500696,IR
147655,HINDUSTAN PETROLEUM,IN:500104,IR
146700,HINDUSTAN ZINC,IN:500188,IR
317708,HOUSING DEV.FIN.CORP.,IN:500010,IR
691867,HUGHES SOFTWARE SYS.,IN:532266,IR
777057,ICI INDIA,IN:500710,IR
871546,ICICI BANK,IN:532174,IR
140755,ICICI DEAD - MERGE 871546,IN:500015,IR
316875,INDIA CEMENTS,IN:530005,IR
316874,INDIAN ALUMINIUM,IN:500445,IR
316878,INDIAN HOTELS,IN:500850,IR
875360,INDIAN OIL CORP.,IN:530965,IR
147667,INDIAN PETROCHEMICALS,IN:500105,IR
772018,INDIAN RAYON & INDS.,IN:500303,IR
146564,INDL.FIN.CORP.OF INDIA,IN:500106,IR
140754,INDO GULF CORP.,IN:500723,IR
675413,INDUSIND BANK,IN:532187,IR
871081,INDUSTRIAL DEVL BK.INDIA,IN:500116,IR
147535,INFOSYS TECHNOLOGIES,IN:500209,IR
316876,INGERSOLL-RAND (INDIA),IN:500210,IR
772022,ITC,IN:500875,IR
147579,ITC HOTELS,IN:500216,IR
362108,JAIPRAKASH INDUSTRIES,IN:500888,IR
890755,KNOLL PHARMS.,IN:500488,IR
890756,KODAK INDIA,IN:509704,IR
772046,LARSEN & TOUBRO,IN:500510,IR
877028,LIC HOUSING FINANCE,IN:500253,IR
147696,LUPIN LTD.,IN:500257,IR
316887,MADRAS CEMENT,IN:500260,IR
147506,MAHANAGAR TEL.NIGAM,IN:500108,IR
148049,MAHINDRA & MAHINDRA,IN:500520,IR
147659,MANGALORE REFINERY,IN:500109,IR
890068,MARICO INDUSTRIES,IN:531642,IR
13551H,MASCOT SYSTEMS,IN:532337,IR
147512,MASTEK,IN:523704,IR
316886,MCDOWELL & CO.,IN:532432,IR
362151,MERCK LTD.,IN:500126,IR
362401,MIRC ELECTRONICS,IN:500279,IR
147600,MONSANTO INDIA,IN:524084,IR
147502,MOREPEN LABS.,IN:500288,IR
146941,MOSER BAER INDIA LTD.,IN:517140,IR
148065,MOTOR INDUSTRIES,IN:500530,IR
890614,MPHASIS B F L,IN:526299,IR
147147,MRF,IN:500290,IR
13265N,MUKTA ARTS LTD.,IN532357,IR
362158,NARGARJUNA FERTIL.& CHM.,IN:500075,IR
146702,NATIONAL ALUMINIUM,IN:532234,IR
148439,NESTLE INDIA,IN:500790,IR
890880,NEYVELL LIGNITE,IN513683,IR
140758,NICHOLAS PIRAMAL INDIA,IN:500302,IR
362170,NIIT,IN:500304,IR
147717,NIRMA,IN:500308,IR
879398,NOVARTIS INDIA,IN:500672,IR
140218,OIL & NATURAL GAS CORP.,IN:500312,IR
147701,ORCHID CHEMICALS,IN:524372,IR
311376,ORIENTAL BK.OF COM.,IN:500315,IR
146918,P S I DATA SYSTEMS,IN:532199,IR
890087,PANACEA BIOTEC,IN:531349,IR
362317,PARKE DAVIS (INDIA),IN:500677,IR
147471,PENTAMEDIA GPC.LTD.,IN:500329,IR
772029,PFIZER,IN:500680,IR
147767,PIDILITE INDUSTRIES,IN:500331,IR
280161,POLARIS SFTW.LAB LTD.,IN:532254,IR
148224,PROCTER&GBL.HYG&HLTHCR.,IN:500459,IR
148036,PUNJAB TRACTORS,IN:500344,IR
316892,RANBAXY LABS.,IN:500359,IR
147656,RASHTRIYA,IN:524230,IR
772032,RAYMOND,IN:500330,IR
148355,RECKITT BENCKISER,IN:500750,IR
146530,RELIANCE CAPITAL,IN:500111,IR
772033,RELIANCE INDS.,IN:500325,IR
141791,RELIANCE PETROLEUM,IN:500364,IR
147382,ROLTA INDIA,IN:500366,IR
675614,S S I,IN:517556,IR
691135,SAREGAMA INDIA,IN:532163,IR
151796,SATYAM CMP.SVS.,IN:500376,IR
147474,SHIPPING CORP. OF INDIA,IN:523598,IR
280864,SHREE RAMA MULTI-TECH,IN:532310,IR
777069,SIEMENS,IN:500550,IR
140053,SILVERLINE TECHS.LTD.,IN:500389,IR
147874,SRF,IN:503806,IR
146565,STATE BANK OF INDIA,IN:500112,IR
146699,STEEL AUTH. OF INDIA,IN:500113,IR
356825,STERLITE INDS. (INDIA),IN:500900,IR
269786,STERLITE OPTICAL TECHS.,IN:532374,IR
887466,SUN PHARMACEUTICALS,IN:524715,IR
316816,SUNDRAM FASTENERS,IN:500403,IR
147251,SWARAJ ENGINES,IN:500407,IR
14456R,SYNGENTA,IN532409,IR
148041,T V S MOTORS,IN:532343,IR
756096,TATA CHEMICALS,IN:500770,IR
147443,TATA ELXSI,IN:500408,IR
777075,TATA ENGR.& LOCO.,IN:500570,IR
146953,TATA HONEYWELL,IN:517174,IR
147948,TATA INFOTECH,IN:504290,IR
147971,TATA IRON & STEEL,IN:500470,IR
772035,TATA POWER,IN:500400,IR
148458,TATA TEA,IN:500800,IR
887396,THERMAX,IN:500411,IR
148493,THOMAS COOK (INDIA),IN:500413,IR
147317,TITAN INDUSTRIES,IN:500114,IR
675097,TRIGYN TECHS.LTD.,IN:517562,IR
280326,TV.EIGHTEEN INDIA LTD.,IN:532299,IR
362331,UNITED BREWERIES,IN:507458,IR
356811,UNITED PHOSPHORUS,IN:500429,IR
675854,UTI BANK,IN:532215,IR
356808,VIDEOCON INTL.,IN:500947,IR
147482,VIDESH SANCHAR NIGAM,IN:500483,IR
691351,VISUALSOFT TECHS.LTD,IN:532214,IR
147247,WARTSILA INDIA,IN:500443,IR
362157,WHIRLPOOL OF INDIA,IN:500238,IR
148375,WIPRO,IN:507685,IR
280285,WOCKHARDT LTD.,IN:532300,IR
148185,WYETH LEDERLE,IN:500095,IR
148086,ZEE TELEFILMS,IN:505537,IR
